#,Original,Nuevo
1,nombre_formato_0001.jpg,nombre_formato_0001.jpg
2,nombre_formato_0002.jpg,nombre_formato_0002.jpg
3,nombre_formato_0003.jpg,nombre_formato_0003.jpg
4,nombre_formato_0004.jpg,nombre_formato_0004.jpg
5,nombre_formato_0005.jpg,nombre_formato_0005.jpg
6,nombre_formato_0006.jpg,nombre_formato_0006.jpg
7,nombre_formato_0007.jpg,nombre_formato_0007.jpg
8,nombre_formato_0008.jpg,nombre_formato_0008.jpg
9,nombre_formato_0009.jpg,nombre_formato_0009.jpg
10,nombre_formato_0010.jpg,nombre_formato_0010.jpg
11,nombre_formato_0011.jpg,nombre_formato_0011.jpg
12,nombre_formato_0012.jpg,nombre_formato_0012.jpg
13,nombre_formato_0013.jpg,nombre_formato_0013.jpg
14,nombre_formato_0014.jpg,nombre_formato_0014.jpg
15,nombre_formato_0015.jpg,nombre_formato_0015.jpg
16,nombre_formato_0016.jpg,nombre_formato_0016.jpg
17,nombre_formato_0017.jpg,nombre_formato_0017.jpg
18,nombre_formato_0018.jpg,nombre_formato_0018.jpg
19,nombre_formato_0019.jpg,nombre_formato_0019.jpg
20,nombre_formato_0020.jpg,nombre_formato_0020.jpg
21,nombre_formato_0021.jpg,nombre_formato_0021.jpg
22,nombre_formato_0022.jpg,nombre_formato_0022.jpg
23,nombre_formato_0023.jpg,nombre_formato_0023.jpg
24,nombre_formato_0024.jpg,nombre_formato_0024.jpg
25,nombre_formato_0025.jpg,nombre_formato_0025.jpg
26,nombre_formato_0026.jpg,nombre_formato_0026.jpg
27,nombre_formato_0027.jpg,nombre_formato_0027.jpg
28,nombre_formato_0028.jpg,nombre_formato_0028.jpg
29,nombre_formato_0029.jpg,nombre_formato_0029.jpg
30,nombre_formato_0030.jpg,nombre_formato_0030.jpg
31,nombre_formato_0031.jpg,nombre_formato_0031.jpg
32,nombre_formato_0032.jpg,nombre_formato_0032.jpg
33,nombre_formato_0033.jpg,nombre_formato_0033.jpg
34,nombre_formato_0034.jpg,nombre_formato_0034.jpg
35,nombre_formato_0035.jpg,nombre_formato_0035.jpg
36,nombre_formato_0036.jpg,nombre_formato_0036.jpg
37,nombre_formato_0037.jpg,nombre_formato_0037.jpg
38,nombre_formato_0038.jpg,nombre_formato_0038.jpg
39,nombre_formato_0039.jpg,nombre_formato_0039.jpg
40,nombre_formato_0040.jpg,nombre_formato_0040.jpg
41,nombre_formato_0041.jpg,nombre_formato_0041.jpg
42,nombre_formato_0042.jpg,nombre_formato_0042.jpg
43,nombre_formato_0043.jpg,nombre_formato_0043.jpg
44,nombre_formato_0044.jpg,nombre_formato_0044.jpg
45,nombre_formato_0045.jpg,nombre_formato_0045.jpg
46,nombre_formato_0046.jpg,nombre_formato_0046.jpg
47,nombre_formato_0047.jpg,nombre_formato_0047.jpg
48,nombre_formato_0048.jpg,nombre_formato_0048.jpg
49,nombre_formato_0049.jpg,nombre_formato_0049.jpg
50,nombre_formato_0050.jpg,nombre_formato_0050.jpg
51,nombre_formato_0051.jpg,nombre_formato_0051.jpg
52,nombre_formato_0052.jpg,nombre_formato_0052.jpg
53,nombre_formato_0053.jpg,nombre_formato_0053.jpg
54,nombre_formato_0054.jpg,nombre_formato_0054.jpg
55,nombre_formato_0055.jpg,nombre_formato_0055.jpg
56,nombre_formato_0056.jpeg,nombre_formato_0056.jpeg
57,nombre_formato_0057.jpeg,nombre_formato_0057.jpeg
58,nombre_formato_0058.jpeg,nombre_formato_0058.jpeg
59,nombre_formato_0059.jpg,nombre_formato_0059.jpg
60,nombre_formato_0060.jpg,nombre_formato_0060.jpg
61,nombre_formato_0061.jpg,nombre_formato_0061.jpg
62,nombre_formato_0062.jpg,nombre_formato_0062.jpg
63,nombre_formato_0063.jpg,nombre_formato_0063.jpg
64,nombre_formato_0064.jpg,nombre_formato_0064.jpg
65,nombre_formato_0065.jpg,nombre_formato_0065.jpg
66,nombre_formato_0066.jpg,nombre_formato_0066.jpg
67,nombre_formato_0067.jpg,nombre_formato_0067.jpg
68,nombre_formato_0068.jpg,nombre_formato_0068.jpg
69,nombre_formato_0069.jpg,nombre_formato_0069.jpg
70,nombre_formato_0070.jpg,nombre_formato_0070.jpg
71,nombre_formato_0071.jpg,nombre_formato_0071.jpg
72,nombre_formato_0072.jpg,nombre_formato_0072.jpg
73,nombre_formato_0073.jpg,nombre_formato_0073.jpg
74,nombre_formato_0074.jpg,nombre_formato_0074.jpg
75,nombre_formato_0075.jpg,nombre_formato_0075.jpg
76,nombre_formato_0076.jpg,nombre_formato_0076.jpg
77,nombre_formato_0077.jpg,nombre_formato_0077.jpg
78,nombre_formato_0078.jpg,nombre_formato_0078.jpg
79,nombre_formato_0079.jpg,nombre_formato_0079.jpg
80,nombre_formato_0080.jpg,nombre_formato_0080.jpg
81,nombre_formato_0081.jpg,nombre_formato_0081.jpg
82,nombre_formato_0082.jpg,nombre_formato_0082.jpg
83,nombre_formato_0083.jpg,nombre_formato_0083.jpg
84,nombre_formato_0084.jpg,nombre_formato_0084.jpg
85,nombre_formato_0085.jpg,nombre_formato_0085.jpg
86,nombre_formato_0086.jpg,nombre_formato_0086.jpg
87,nombre_formato_0087.jpg,nombre_formato_0087.jpg
88,nombre_formato_0088.jpg,nombre_formato_0088.jpg
89,nombre_formato_0089.jpg,nombre_formato_0089.jpg
90,nombre_formato_0090.jpg,nombre_formato_0090.jpg
91,nombre_formato_0091.jpg,nombre_formato_0091.jpg
92,nombre_formato_0092.jpg,nombre_formato_0092.jpg
93,nombre_formato_0093.jpg,nombre_formato_0093.jpg
94,nombre_formato_0094.jpg,nombre_formato_0094.jpg
95,nombre_formato_0095.jpg,nombre_formato_0095.jpg
96,nombre_formato_0096.jpg,nombre_formato_0096.jpg
97,nombre_formato_0097.jpg,nombre_formato_0097.jpg
98,nombre_formato_0098.jpg,nombre_formato_0098.jpg
99,nombre_formato_0099.jpg,nombre_formato_0099.jpg
100,nombre_formato_0100.jpg,nombre_formato_0100.jpg
101,nombre_formato_0101.jpg,nombre_formato_0101.jpg
102,nombre_formato_0102.jpg,nombre_formato_0102.jpg
103,nombre_formato_0103.jpg,nombre_formato_0103.jpg
104,nombre_formato_0104.jpg,nombre_formato_0104.jpg
105,nombre_formato_0105.jpg,nombre_formato_0105.jpg
106,nombre_formato_0106.jpg,nombre_formato_0106.jpg
107,nombre_formato_0107.jpg,nombre_formato_0107.jpg
108,nombre_formato_0108.jpg,nombre_formato_0108.jpg
109,nombre_formato_0109.jpg,nombre_formato_0109.jpg
110,nombre_formato_0110.jpg,nombre_formato_0110.jpg
111,nombre_formato_0111.jpg,nombre_formato_0111.jpg
112,nombre_formato_0112.jpg,nombre_formato_0112.jpg
113,nombre_formato_0113.jpg,nombre_formato_0113.jpg
114,nombre_formato_0114.jpg,nombre_formato_0114.jpg
115,nombre_formato_0115.jpg,nombre_formato_0115.jpg
116,nombre_formato_0116.jpg,nombre_formato_0116.jpg
117,nombre_formato_0117.jpg,nombre_formato_0117.jpg
118,nombre_formato_0118.jpg,nombre_formato_0118.jpg
119,nombre_formato_0119.jpg,nombre_formato_0119.jpg
120,nombre_formato_0120.jpg,nombre_formato_0120.jpg
121,nombre_formato_0121.jpg,nombre_formato_0121.jpg
122,nombre_formato_0122.jpg,nombre_formato_0122.jpg
123,nombre_formato_0123.jpg,nombre_formato_0123.jpg
124,nombre_formato_0124.jpg,nombre_formato_0124.jpg
125,nombre_formato_0125.jpg,nombre_formato_0125.jpg
126,nombre_formato_0126.jpg,nombre_formato_0126.jpg
127,nombre_formato_0127.jpg,nombre_formato_0127.jpg
128,nombre_formato_0128.jpg,nombre_formato_0128.jpg
129,nombre_formato_0129.jpg,nombre_formato_0129.jpg
130,nombre_formato_0130.jpg,nombre_formato_0130.jpg
131,nombre_formato_0131.jpg,nombre_formato_0131.jpg
132,nombre_formato_0132.jpg,nombre_formato_0132.jpg
133,nombre_formato_0133.jpg,nombre_formato_0133.jpg
134,nombre_formato_0134.jpg,nombre_formato_0134.jpg
135,nombre_formato_0135.jpg,nombre_formato_0135.jpg
136,nombre_formato_0136.jpg,nombre_formato_0136.jpg
137,nombre_formato_0137.jpg,nombre_formato_0137.jpg
138,nombre_formato_0138.jpg,nombre_formato_0138.jpg
139,nombre_formato_0139.jpg,nombre_formato_0139.jpg
140,nombre_formato_0140.jpg,nombre_formato_0140.jpg
141,nombre_formato_0141.jpg,nombre_formato_0141.jpg
142,nombre_formato_0142.jpg,nombre_formato_0142.jpg
143,nombre_formato_0143.jpg,nombre_formato_0143.jpg
144,nombre_formato_0144.jpg,nombre_formato_0144.jpg
145,nombre_formato_0145.jpg,nombre_formato_0145.jpg
146,nombre_formato_0146.jpg,nombre_formato_0146.jpg
147,nombre_formato_0147.jpg,nombre_formato_0147.jpg
148,nombre_formato_0148.jpg,nombre_formato_0148.jpg
149,nombre_formato_0149.jpg,nombre_formato_0149.jpg
150,nombre_formato_0150.jpg,nombre_formato_0150.jpg
151,nombre_formato_0151.jpg,nombre_formato_0151.jpg
152,nombre_formato_0152.jpg,nombre_formato_0152.jpg
153,nombre_formato_0153.jpg,nombre_formato_0153.jpg
154,nombre_formato_0154.jpg,nombre_formato_0154.jpg
155,nombre_formato_0155.jpg,nombre_formato_0155.jpg
156,nombre_formato_0156.jpg,nombre_formato_0156.jpg
157,nombre_formato_0157.jpg,nombre_formato_0157.jpg
158,nombre_formato_0158.jpg,nombre_formato_0158.jpg
159,nombre_formato_0159.jpg,nombre_formato_0159.jpg
160,nombre_formato_0160.jpg,nombre_formato_0160.jpg
161,nombre_formato_0161.jpg,nombre_formato_0161.jpg
162,nombre_formato_0162.jpg,nombre_formato_0162.jpg
163,nombre_formato_0163.jpg,nombre_formato_0163.jpg
164,nombre_formato_0164.jpg,nombre_formato_0164.jpg
165,nombre_formato_0165.jpg,nombre_formato_0165.jpg
166,nombre_formato_0166.jpg,nombre_formato_0166.jpg
167,nombre_formato_0167.jpg,nombre_formato_0167.jpg
168,nombre_formato_0168.jpg,nombre_formato_0168.jpg
169,nombre_formato_0169.jpg,nombre_formato_0169.jpg
170,nombre_formato_0170.jpg,nombre_formato_0170.jpg
171,nombre_formato_0171.jpg,nombre_formato_0171.jpg
172,nombre_formato_0172.jpeg,nombre_formato_0172.jpeg
173,nombre_formato_0173.jpg,nombre_formato_0173.jpg
174,nombre_formato_0174.jpg,nombre_formato_0174.jpg
175,nombre_formato_0175.jpg,nombre_formato_0175.jpg
176,nombre_formato_0176.jpg,nombre_formato_0176.jpg
177,nombre_formato_0177.jpg,nombre_formato_0177.jpg
178,nombre_formato_0178.jpg,nombre_formato_0178.jpg
179,nombre_formato_0179.jpg,nombre_formato_0179.jpg
180,nombre_formato_0180.jpg,nombre_formato_0180.jpg
181,nombre_formato_0181.jpg,nombre_formato_0181.jpg
182,nombre_formato_0182.jpg,nombre_formato_0182.jpg
183,nombre_formato_0183.jpg,nombre_formato_0183.jpg
184,nombre_formato_0184.jpg,nombre_formato_0184.jpg
185,nombre_formato_0185.jpg,nombre_formato_0185.jpg
186,nombre_formato_0186.jpg,nombre_formato_0186.jpg
187,nombre_formato_0187.jpg,nombre_formato_0187.jpg
188,nombre_formato_0188.jpg,nombre_formato_0188.jpg
189,nombre_formato_0189.jpg,nombre_formato_0189.jpg
190,nombre_formato_0190.jpg,nombre_formato_0190.jpg
191,nombre_formato_0191.jpg,nombre_formato_0191.jpg
192,nombre_formato_0192.jpg,nombre_formato_0192.jpg
193,nombre_formato_0193.jpg,nombre_formato_0193.jpg
194,nombre_formato_0194.jpg,nombre_formato_0194.jpg
195,nombre_formato_0195.jpg,nombre_formato_0195.jpg
196,nombre_formato_0196.jpg,nombre_formato_0196.jpg
197,nombre_formato_0197.jpg,nombre_formato_0197.jpg
198,nombre_formato_0198.jpg,nombre_formato_0198.jpg
199,nombre_formato_0199.gif,nombre_formato_0199.gif
200,nombre_formato_0200.jpg,nombre_formato_0200.jpg
201,nombre_formato_0201.png,nombre_formato_0201.png
202,nombre_formato_0202.jpg,nombre_formato_0202.jpg
203,nombre_formato_0203.png,nombre_formato_0203.png
204,nombre_formato_0204.jpg,nombre_formato_0204.jpg
205,nombre_formato_0205.jpg,nombre_formato_0205.jpg
206,nombre_formato_0206.jpg,nombre_formato_0206.jpg
207,nombre_formato_0207.jpg,nombre_formato_0207.jpg
208,nombre_formato_0208.gif,nombre_formato_0208.gif
209,nombre_formato_0209.png,nombre_formato_0209.png
210,nombre_formato_0210.png,nombre_formato_0210.png
211,nombre_formato_0211.gif,nombre_formato_0211.gif
212,nombre_formato_0212.jpg,nombre_formato_0212.jpg
213,nombre_formato_0213.jpg,nombre_formato_0213.jpg
214,nombre_formato_0214.gif,nombre_formato_0214.gif
215,nombre_formato_0215.jpg,nombre_formato_0215.jpg
216,nombre_formato_0216.gif,nombre_formato_0216.gif
217,nombre_formato_0217.jpg,nombre_formato_0217.jpg
218,nombre_formato_0218.jpg,nombre_formato_0218.jpg
219,nombre_formato_0219.jpg,nombre_formato_0219.jpg
220,nombre_formato_0220.jpg,nombre_formato_0220.jpg
221,nombre_formato_0221.jpg,nombre_formato_0221.jpg
222,nombre_formato_0222.jpg,nombre_formato_0222.jpg
223,nombre_formato_0223.jpg,nombre_formato_0223.jpg
224,nombre_formato_0224.jpg,nombre_formato_0224.jpg
225,nombre_formato_0225.jpg,nombre_formato_0225.jpg
226,nombre_formato_0226.gif,nombre_formato_0226.gif
227,nombre_formato_0227.gif,nombre_formato_0227.gif
228,nombre_formato_0228.jpg,nombre_formato_0228.jpg
229,nombre_formato_0229.jpg,nombre_formato_0229.jpg
230,nombre_formato_0230.jpg,nombre_formato_0230.jpg
231,nombre_formato_0231.jpg,nombre_formato_0231.jpg
232,nombre_formato_0232.gif,nombre_formato_0232.gif
233,nombre_formato_0233.gif,nombre_formato_0233.gif
